ID,Name,Intro,PicUrl
1,塞壬唱片-MSR,塞壬唱片MSR(Monster Siren Records)，泰拉世界十世纪最大的音乐发行商之一。从异教重金属乐队至偶像产业， 塞壬唱片MSR旗下的签约艺人涉猎音乐各方面。根据最新统计数据，塞壬唱片MSR占有泰拉世界30%以上的音乐市场。 (*注：塞壬唱片MSR为游戏明日方舟世界观中虚构的唱片公司，与一切实际生活中的组织、公司无关。）,\usr\source\singerpic\1.jpg
2,黄霄,黄霄云，1998年12月22日出生于贵州省黔南布依族苗族自治州罗甸县龙坪镇，中国内地流行乐女歌手、影视演员，2015年，浙江卫视《中国好声音第四季》获得汪峰组四强、全国16强。2016年，在青春校园网络剧《薛定谔的猫》中饰演艾晓欣。2017年，发行了单曲《征战》、《还可以爱吗》。,\usr\source\singerpic\2.jpg
3,毛不易,毛不易，原名王维家，1994年10月1日出生于黑龙江省齐齐哈尔市泰来县，中国内地流行乐男歌手，毕业于杭州师范大学护理专业。2017年，参加选秀娱乐节目《明日之子》的比赛，获得全国总决赛冠军，从而正式进入演艺圈；9月1日，推出首张个人音乐专辑《巨星不易工作室 No.1》；11月11日，推出个人原创单曲《项羽虞姬》。,\usr\source\singerpic\3.jpg
4,}木麻衣,仓木麻衣（1982年10月28日－），日本女歌手，生于日本千叶县船桥市，现居东京。现隶属NORTHERN MUSIC公司LOOP事务所（2007年－）。她的父亲是电影导演、实业家山前五十洋。祖父是诗人山前实治。2007年之前曾隶属GIZA Studio。2001年4月进入立命馆大学产业社会学院人文科学系就读，并于2005年3月毕业。截止2014年12月，她举办了超过300次的个人演唱会。CD总销量突破1600万枚（日本公信榜ORICON调查）。,\usr\source\singerpic\4.jpg
5,黄诗扶,composer / producer / singer / erhu / keyboard player,\usr\source\singerpic\5.jpg
6,萧忆情Alex,五婶：http://5sing.kugou.com/xiaoyiqing 暂时只接原创歌，有事请联系工作室QQ：3200399271 评论、私信每天都会看哟~,\usr\source\singerpic\6.jpg
7,于海航,游戏音乐制作人，游戏配乐师，毕业于中央音乐学院，曾任网易游戏公司高级游戏音频设计师。秦央Music Studio 创始人。主要音乐作品《秦时明月世界》《惊梦》《率土之滨》《天下3》《一拳超人》《时空中的绘旅人》《斗破苍穹》等,\usr\source\singerpic\7.jpg
8,DECO*27,DECO*27（日语：デコ?ニ`ナ，1986年12月16日－）为日本的男性音乐创作家。福冈县人。所属事务所为P._nc（ピンク），唱片公司为U/M/A/A（ユ`マ）。,\usr\source\singerpic\8.jpg
9,沈辑,2021年推出专辑《时空中的绘旅人 游戏原声》,\usr\source\singerpic\9.jpg
10,The Kid LAROI,"The Kid LAROI,来自澳大利亚悉尼的新生代说唱歌手，出生于2003年8月17日，因和已故说唱歌手Juice WRLD合作歌曲GO而受到业内的广泛关注，未来可期！近日与原厂牌Grade A解约，被知名流行歌手Justin Bieber所签约。",\usr\source\singerpic\10.jpg
11,Taylor Swift,泰勒・斯威夫特（Taylor Swift），1989年12月13日出生于美国宾夕法尼亚州雷丁，美国著名女歌手、词曲作者、音乐制作人、演员。 2006年，Taylor发行个人首张录音室专辑《Taylor Swift》，该专辑获得美国唱片业协会认证5倍白金唱片销量。2008年，发行第二张个人录音室专辑《Fearless》，该专辑在美国公告牌专辑榜上获11周冠军，于2020年被认证钻石唱片销量，并获得第52届格莱美奖年度专辑奖。2010年，Taylor发行第三张个人录音室专辑《Speak Now》，单曲《Mean》获2座格莱美奖。同年，获创作人名人堂“哈尔・大卫星光大奖” 。2011年，凭借三张实体专辑销量，获得中国区“五白金唱片”销量认证。2012年，，并发行音乐专辑《Red》，该专辑实体版本获得中国区“双白金唱片”销量认证。2013年，获得第47届乡村音乐协会奖巅峰奖。2014年，Taylor开始向流行乐歌手转型并发行第五张个人录音室专辑《1989》，该专辑获得第58届格莱美奖年度专辑奖，国际唱片业协会（IFPI）宣布该专辑为“年度全球唱片销量冠军” 。同年，获得全美音乐奖迪克・克拉克终身成就奖，并入围《时代周刊（美国版）》年度人物。2015年4月，获第50届乡村音乐学院奖50周年里程碑奖 。2017年，Taylor发行第六张个人录音室专辑《reputation》，凭借美国首周123.8万张销量，成为拥有四张首周百万销量专辑的歌手。单曲《Look What You Made Me Do》在公告牌夺得3周冠，首周以两倍的播放量终断了歌曲《Despacito》的16周冠，被公告牌官方评为史上最具杀伤力的单曲之一。同年，Taylor被《时代周刊》选为年度人物。2019年8月23日，Taylor发行第七张个人录音室专辑《Lover》，单曲《ME!》《You Need To Calm Down》均拿下公告牌100强亚军，专辑同名曲《Lover》则拿下第10位；同年，国际唱片业协会（IFPI）宣布该专辑为“年度全球唱片销量冠军”。2019年12月，Taylor出演的歌剧电影《猫》在美国上映，Taylor凭借该电影获得儿童选择奖年度影后提名！插曲《Beautiful Ghosts》获得金球奖和格莱美奖的最佳影视音乐提名。2020年1月，Taylor发行个人纪录片《美利坚女士 Taylor Swift: Miss Americana》，豆瓣评分8.7分，主题曲《Only The Young》赢得了2020年人民选择奖的“最佳原声歌曲/The Soundtrack Song”。2020年7月24日，Taylor发行第八张个人录音室专辑《folklore》，并在公告牌专辑200强夺得8周冠，其中6周为连冠！同时，《folklore》是2020年发行实销最高、连冠最多的专辑！单曲《cardigan》拿下公告牌100强冠军！《the 1》、《exile》分别位居第4和第六。同年8月，《cardigan》获得世界录影带奖最佳夏日歌曲提名，而上一张专辑《Lover》的单曲《The Man》则拿下最佳导演奖。同年11月，Taylor在全美音乐奖上拿下年度艺人、最佳流行/摇滚女艺人和年度录影带《cardigan》。同月，Taylor发行音乐纪录片《民间传说：长池录音室 Folklore: The Long Pond Studio Sessions》，该纪录片被豆瓣评分9.4的高分并超过94%的纪录片，目前在所有纪录片中排位第79名！2020年12月11日，Taylor发行第九张个人录音室专辑《evermore》，并在公告牌专辑200强夺得3周冠，主打曲《willow》拿下公告牌100强冠军！2021年3月《folklore》获得第63届格莱美奖年度专辑奖。目前Taylor Swift共拥有11座格莱美大奖，并且是获得格莱美年度专辑奖项最多的歌手之一，也是首个以三张不同音乐风格的专辑获得该奖项的艺人（2010年年专《Fearless》为乡村专辑，2016年年专《1989》为流行专辑，2021年年专《folklore》另类（独立民谣）专辑）。2021年4月，Taylor发行重制版录音室专辑《Fearless（Taylor's Version）》，并在公告牌专辑200强夺得1周冠，单曲《Mr.Perfectly Fine（Taylor's Version）》拿下公告牌100强第30位且在榜3周。目前，Taylor在公告牌上拥有9张冠军专辑，登顶周数共51周，成为历史上专辑登顶周数最多的女艺人！2021年5月，Taylor Swift拿下全英音乐奖全球偶像大奖，成为历史上首个非英国歌手和首位女性获得该奖项。同月，Taylor Swift被公告牌官方评为2010s年代艺人第二名，也是所有女艺人中的第一名。,\usr\source\singerpic\11.jpg
12,The Chainsmokers,The Chainsmokers，是来自美国纽约的DJ组合。由成员安德鲁・塔格特和亚历克斯・鲍尔组成，2014年因一曲#SELFIE而走红，2016年凭借单曲Don't Let Me Down与Closer获得商业成功。,\usr\source\singerpic\12.jpg
13,Shawn Mendes,肖恩・蒙德兹（Shawn Mendes），1998年8月8日出生于安大略省多伦多市，加拿大男歌手。 2013年，肖恩・蒙德兹在网上发布翻唱视频而被网友认识。2014年1月，加入小岛唱片；同年6月26日，因发行个人首支单曲《Life Of The Party》而正式出道 。2015年4月，肖恩・蒙德兹发行个人首张专辑《Handwritten》，并凭借该专辑获得欧洲MTV音乐录影带最佳男歌手奖。2016年09月，发行个人第二张专辑《Illuminate》，并于发行首周获得美国公告牌专辑榜冠军 。2017年，入围人民选择奖最佳男歌手 。,\usr\source\singerpic\13.jpg
14,Ellie Goulding,Ellie Goulding（1986年12月30日－）英国唱作女歌手。她是“2010 BBC年度之声”最高票选得主，并得到2011年全英音乐奖评委的一致青睐，从此后便累积大量人气，名气与之俱增。2009年签约Polydor唱片公司，同年发行自己第一弹延伸剧目《An Introduction to Ellie Goulding》，接下来在2010年发行了第一张录音室专辑《Lights》以及改版专辑，重新更名为“Bright Lights”。英国卫报形容Ellie Goulding的歌声仿佛是空灵乐派的Cocteau Twins乐团唱起了流行乐的感觉，给听众带来新鲜的感觉！第二张录音室专辑《Halcyon》2012年10月5日正式发行。,\usr\source\singerpic\14.jpg
15,Hillsong Young & Free,这是一个由澳大利亚本土年青的基督徒牧师创立的乐团，隶属于Hillsong澳大利亚分部，主要创作和演唱福音歌曲，曲风比较欢快，年轻人比较喜闻乐见的形式，歌词也以福音、圣经为主。Hillsong不仅代表HillsongChurch的音乐文化，也代表着澳大利亚敬拜音乐的传奇。他们特别擅长与时俱进，把传播教义、赞美敬拜和主流摇滚、电子、朋克融合在一起。,\usr\source\singerpic\15.jpg
16,OneRepublic,OneRepublic是一支美国流行摇滚乐队，于2002年在科罗拉多州科罗拉多斯普林斯成立，成员包括主唱兼多乐器演奏家瑞恩・泰德、吉他手扎克・菲尔金斯和德鲁・布朗、贝斯手兼大提琴手布伦特・库兹尔、鼓手埃迪・费舍尔和键盘手布赖恩・威利特。 2007 年，OneRepublic 发行了他们的首张专辑《Dreaming Out Loud》。其主打单曲“Apologize”由Timbaland重新混音，在国际上取得巨大成功，在 16 个国家中排名第一，随后获得格莱美奖提名。第二首单曲“ Stop and Stare ”反映了其前身的成功。这张专辑后来被美国唱片业协会(RIAA)认证为白金唱片。乐队的第二张专辑《Waking Up》（2009）制作了单曲《All the Right Moves》、《Secrets》、《Good Life》，最后进入美国公告牌百强榜前十。OneRepublic 的第三张专辑《Native》 (2013) 成为该乐队第一张登上Billboard 200前十的专辑，也是迄今为止排行榜最高的专辑，排名第四。主打单曲《If I Lose Myself》在多个国家进入前十名，专辑第三首单曲《Counting Stars》成为乐队近年来最成功的单曲，在澳大利亚、加拿大获得前五名、德国、爱尔兰、新西兰、美国和英国。这标志着他们迄今为止在英国的最高排行榜单曲。它还在美国告示牌百强单曲榜上名列第二，与 2007 年的“Apologize”最高峰相匹配。2016年10月7日，OneRepublic发行了他们的第四张录音室专辑《Oh My My》，专辑中有许多合作者，包括Cassius、Peter Gabriel和Santigold。在2016年5月13日发行的单曲《Wherever I Go 》和2016年8月12日发行的《Kids》之前，评论家和乐队都认为这是他们声音上的一次改变。,\usr\source\singerpic\16.jpg
17,Wiz Khalifa,卡梅伦・吉布里尔・托马斯（Cameron Jibril Thomaz），生于1987年9月8日，以其艺名维兹・卡利法（Wiz Khalifa）出名，是美国宾夕法尼亚州匹兹堡出身的说唱歌手。,\usr\source\singerpic\17.jpg
18,Billie Eilish,"Billie Eilish，美国歌手、词曲作家，被誉为全球超级新人。 2016年，碧梨因她的首支单曲《Ocean Eyes》走红，她的第一张EP《don't smile at me》发行于2017年8月，随着这张EP的成功，碧梨在社交平台上的粉丝倍增。 她的首张录音室专辑《WHEN WE ALL FALL ASLEEP, WHERE DO WE GO?》发行于2019年3月29日，并以31.3万张的首周销量空降Billboard 200专辑榜冠军，主打单曲""bad guy""登顶Billboard Hot 100单曲榜冠军。截至到2019年11月，这张专辑在美国累计197万灌水销量，全球灌水约为380万。美国唱片工业协会认证下，碧梨已累积了七首黄金单曲和两首白金单曲。 2020年1月27日，第62届格莱美，Billie Eilish获得年度专辑（WHEN WE ALL FALL ASLEEP,WHERE DO WE GO?）、年度歌曲（bad guy）、年度制作（bad guy）、最佳新人、最佳流行专辑（WHEN WE ALL FALL ASLEEP,WHERE DO WE GO?）、最佳非古典制作专辑（WHEN WE ALL FALL ASLEEP,WHERE DO WE GO?）六项大奖成为最大赢家！同时碧梨也成为格莱美历史上最年轻的年度专辑获得者（18岁），打破了霉霉Taylor Swift在2010年创下的20岁记录。 2021年2月，Billie发布个人纪录片《碧丽・艾莉许：模糊世界 Billie Eilish: The World’s A Little Blurry》，豆瓣评分8.7。 2021年3月，第63届格莱美，Billie Eilish拿下年度制作（everything i wanted）和最佳影视音乐奖（No Time To Die），累计获格莱美奖8座！ 2021年4月底，碧梨发布单曲《Your Power》并拿下公告牌100强第10位，2021年9月13日，Billie出席世界录影带颁奖典礼现场并接收全球偶像大奖颁奖任务，同时自己也荣获最佳拉丁录影带《Lo Vas A Olvidar》（With ROSAL?A）和 由艾薇儿为其颁发的最具启发性录影带《Your Power》，同时《Your Power》成为专辑《Happier Than Ever》的首个国际荣誉奖。目前碧梨拥有14首热单（前40名为热单）（NO.1 bad guy、NO.2 Therefore I Am、NO.6 my future、NO.8 everything i wanted、NO.10 Your Power、NO.11 Happier Than Ever、NO.14 bury a friend、NO.16 No Time To Die、NO.27 Lost Cause、NO.29 when the party’s over、NO.31 wish you were gay、NO.35 xanny、NO.39 NDA、NO.40 Lo Vas A Olvidar（With ROSAL?A））。同时，Billie 宣布2021年7月30日发布第二张个人录音室专辑《Happier Than Ever》。7月30日，Billie发布第二张个人录音室专辑《Happier Than Ever》，同名主打曲《Happier Than Ever》拿下公告牌100强第11位，专辑目前累计3连冠！",\usr\source\singerpic\18.jpg
19,Alan Walker,艾兰・奥拉夫・沃克（Alan Olav Walker），1997年8月24日出生于英国英格兰北安普敦郡，挪威DJ、音乐制作人。 2014年11月，在YouTube上推出个人电音作品《Fade》而出道。2015年12月，通过索尼音乐发行个人第一首正式单曲《Faded》，该首歌曲的MV在YouTube上的点击量突破了12亿。2016年6月，发行人声伴唱电音单曲《Sing Me To Sleep》 。同年11月6日，获得MTV欧洲音乐奖“最佳挪威艺人”奖[4] 。2017年2月22日，《Faded》入围第37届全英音乐奖“年度英国单曲”奖 。同年5月，发布首支由男声伴唱的电音作品《Tired》 。,\usr\source\singerpic\19.jpg
20,Kelly Clarkson,Kelly Clarkson（凯莉・克莱森）美国流行音乐歌手，首届美国偶像冠军。先后发行 五张录音室专辑以及精选集。第48届格莱美音乐奖，Kelly斩获最佳流行女歌手和最佳流行专辑两项大奖，第55届格莱美音乐奖，凭借专辑再次获得最佳流行专辑，成为第一位两次获得此奖项的女歌手。,\usr\source\singerpic\20.jpg
21,Ed Sheeran,爱德华・克里斯多弗・希兰（Edward Christopher Sheeran）艺名艾德・希兰（Ed Sheeran），1991年2月17日出生于英国英格兰西约克郡，是大西洋唱片（Atlantic Records）旗下的一位歌手同时也是一位创作人。 2011年6月，推出首支单曲《The A Team》荣获英国单曲榜第三名，同时该单曲在第55届格莱美颁奖典礼中被提名为年度最佳歌曲。2012年在第32届全英音乐奖中荣获英国最佳男艺人、英国最具突破艺人、英国最佳单曲和英国最佳专辑四项提名。 2014年第二张专辑专辑《X》在英国销售达170万张。2015年在全英音乐奖颁奖盛典荣获“年度最佳男歌手”和“年度最佳专辑”两项大奖 。2016年2月，在第58届格莱美音乐奖获得年度单曲奖和最佳流行歌手奖。,\usr\source\singerpic\21.jpg
22,Selena Gomez,赛琳娜・戈麦斯（Selena Gomez），1992年7月22日出生于美国得克萨斯州，美国女演员、歌手、制片人。2004年，因参加迪士尼全球才艺计划而被迪士尼公司相中并签约。2007年，主演原创魔幻喜剧《少年魔法师》。2008年，主演迪士尼原创电影《灰姑娘之舞动奇迹》。2009年4月，组建Selena Gomez & The Scene乐队；同年9月29日，发行个人首张专辑《Kiss & Tell》。2010年8月，凭借电视剧《少年魔法师》获得美国青少年选择奖之喜剧类女演员选择奖 ；同年9月，发行个人第二张专辑《A Year without Rain》。 2011年，担任MTV欧洲音乐大奖颁奖礼主持人 。2012年12月，主演的恐怖片《余震》上映 。2013年7月19日，发行专辑《Stars Dance》；同年8月，凭借歌曲《Come and Get It》获得第30届MTV大奖最佳流行音乐录影奖。2014年3月，获得第27届美国儿童选择奖最喜爱女歌手奖；同年11月，发行精选专辑《For You》。2015年10月9日，发行个人专辑《Revival》；同年10月27日，参与配音的动画电影《精灵旅社2》上映 。2016年7月，获得美国“青少年选择奖”之最佳女歌手奖。2017年11月，作为表演嘉宾出席“全美音乐奖”颁奖礼 ；同年，获得“Billboard”年度女性音乐奖。2019年10月23日，发布《Lose You To Love Me》单曲MV 。2020年1月10号，发行新专辑《Rare》 。2020年8月28日，发布与BLACKPINK合作的新歌《Ice Cream》MV。,\usr\source\singerpic\22.jpg
23,Maroon 5,Maroon5，中文译名魔力红乐队，来自LA的摇滚乐队，确切一些说是新灵魂摇滚。maroon 融合了红色的狂野魅力，神秘热情，奔放烈爱再掺入摇滚力道，灵魂旋律及放克节奏，这样的红流泻着新灵魂乐性感风情的放克摇滚这样的红，在流行歌坛注入了一股新的颜色。,\usr\source\singerpic\23.jpg
24,Justin Bieber,贾斯汀・比伯（Justin Bieber），1994年3月1日出生于加拿大安大略省斯特拉特福市，加拿大流行乐男歌手、影视演员。 2008年，贾斯汀・比伯在视频网站YouTube上被其经纪人斯科特发现，随后被亚瑟小子培养进入歌坛。2009年11月17日，发行第一张个人专辑《My World》。2010年3月，第二张个人专辑《My World2.0》发行一周便登上了公告牌专辑冠军，并且该专辑获得2010全美音乐奖最佳专辑奖 。11月，凭借单曲《Baby》获得第27届MTV音乐奖最佳新人。2011年8月，凭借歌曲《U Smile》获得第28届MTV音乐录影带大奖最佳男歌手录影带奖。11月，获得欧洲MTV音乐奖最佳流行歌手奖和最佳男歌手奖。2012年7月，凭借单曲《Boyfriend》获得美国青少年选择奖最佳男歌手。2013年，发行现场专辑《Believe Acoustic》，并凭借该专辑获得了第40届全美音乐奖最佳艺人奖。2015年8月，发行个人单曲《What Do You Mean?》并获得公告牌百强单曲榜首周冠军 。11月，发行个人专辑《Purpose》，该专辑被提名第57届格莱美奖的年度专辑奖项。2016年2月，凭借歌曲《Where Are U Now》夺得第58届格莱美最佳舞曲录制奖。7月，演唱的歌曲《Sorry》提名美国MTV音乐录影带大奖年度最佳录影带 。12月，单曲《Love Yourself》获得第59届格莱美奖年度歌曲提名。2017年8月17日，与BloodPop联合发布单曲《Friends》。2020年2月14日，发布录音室专辑《Changes》。2021年3月26日推出专辑《Justice》。,\usr\source\singerpic\24.jpg
25,Beth,(Acoustic),\usr\source\singerpic\25.jpg
26,Arc North,18 year old producer from Sweden pushing the boundaries of Progressive House.,\usr\source\singerpic\26.jpg
27,Charlie Puth,小查尔斯・奥托・普斯（英语：Charles Otto Puth Jr.）是一位美国流行歌手，出生于美国新泽西州。2009年创建YouTube频道，上传翻唱视频并拥有一定的知名度。2011年凭借与Emily Luther翻唱的《Someone Like You》获得艾伦赏识。 2015年，凭借与Meghan Trainor合作的《Marvin Gaye》被大家所知。 尚未正式出道即与饶舌天王Wiz khalifa联手合作《速度与激情7》电影片尾曲《See You Again》，官方MV累计超越全球24亿播放次数，空降美国公告牌冠军，并在澳大利亚、奥地利，英国、德国、加拿大、新西兰、爱尔兰、瑞士多个国家排名第一，总计非连续12周登顶美国公告牌单曲榜；缔造美国Spotify单日流媒体播放量最多单曲、Spotify全球26国单周最高收听次数记录；登顶英国单曲排行榜，成为2015年英国销量最快单曲；空降全球100多国iTunes排行榜第一名。此单曲迅速红遍全球，Charlie Puth正式走进人们的视野并获得大量关注。 2016年1月，与Selena Gomez 合作的《We Don't Talk Anymore》更突破它在YouTube上以往的六亿点击率，成为Charlie Puth第二支在Billboard百强单曲榜的前十单曲。,\usr\source\singerpic\27.jpg
28,Rihanna,"蕾哈娜（Robyn Rihanna Fenty） 生于1988年2月20日。是巴巴多斯歌手，演员，时装设计师和商人。 2005 年与Def Jam签约后，她很快就发行了她的前两张录音室专辑《Music of the Sun》（2005）和《A Girl like Me》（2006 年），两者都受到加勒比音乐的影响，并在美国公告牌200排行榜的前十名中达到顶峰。 蕾哈娜的第三张专辑《Good Girl Gone Bad》（2007 年）融入了流行舞曲元素，确立了她作为音乐界性感象征的地位。排行榜榜首的单曲“ Umbrella ”为蕾哈娜赢得了她的第一个格莱美奖，并使她一跃成为全球明星。她在接下来的录音室专辑《Rated R》 (2009)、《Loud 》(2010)、《Talk That Talk》 (2011) 和《Unapologetic》 (2012) 中继续混合流行、舞蹈和R&B流派，这成为她的第一张广告牌200 第一。专辑催生了一系列排行榜单曲，包括“Rude Boy"", ""Only Girl (In the World)"", ""What's My Name?"", ""S&M"", ""We Found Love"", ""Where Have You Been"" ，""Diamonds""。她的第八张专辑《Anti》 (2016) 在她离开 Def Jam 后展示了一种新的创意控制。它成为她的第二张美国排名第一的专辑，并收录了榜首单曲“ Work ”。 2017 年，她创立了时尚品牌Fenty，担任艺术总监，并成为首位领导LVMH（酩悦轩尼诗路易威登）集团奢侈品牌的黑人女性。 蕾哈娜在全球的唱片销量超过 2.5 亿张，是有史以来最畅销的音乐艺术家之一。她在美国赢得了14首单曲榜首和31首单曲前十名，在英国获得了 30首单曲前十名。她的荣誉包括 9 项格莱美奖、13 项美国音乐奖、12 项公告牌音乐奖和 6 项吉尼斯世界纪录。《时代》杂志将她评为2012 年和 2018 年全球最具影响力的100 人之一。《福布斯》将她列为2012年和2014年收入最高的十大名人之一。截至2021年，她是最富有的女音乐家，估计净资产为17亿美元。 除了音乐，蕾哈娜还因参与人道主义事业、创业和时尚行业而闻名。她是非营利性组织的创始人克拉拉梅西基金会，化妆品品牌芬迪美容和时装屋芬迪下LVMH。蕾哈娜也涉足演艺事业，在《战舰》（2012 年）、《星际特工：千星之城》（2017 年）和《海洋八号》（2018 年）中扮演重要角色。2018 年，她被巴巴多斯政府任命为教育、旅游和投资大使。",\usr\source\singerpic\28.jpg
29,Lana Del Rey,Lana Del Rey，美国独立女歌手，1985年6月21日出生于美国纽约州。从2009年就开始活跃于网络，2010年时已自发专辑供网络下载。随后签约经纪人公司，凭借2011年10月的EP《Video Games》令其人气急升，除了这首歌被著名报刊杂志《The Guardian》称为2011年年度最佳单曲外，2012年1月14日在Saturday Night Live她有一场演出。Lana Del Rey首张专辑《Born to Die》于2012年1月30日正式发布。《Born to Die》的改版专辑于《Born to Die C The Paradise Edition》2012年11月12日发行。,\usr\source\singerpic\29.jpg
30,Kesha,Ke$ha，美国流行女歌手。2005年她已踏入业界，负责作词作曲，背景合音，并在一些MV中友情出演过。Ke$ha家里经济状况一直不好，离家开始工作的2005年-2009年这四年里又无名，只靠着唱合声和当服务生打零工，更是穷得要命，她的艺名“Ke$ha”中包含了货币符号，有部分原因就是在说她需要钱，又因为这个，歌迷们亲切地称她为“钱妞”。2009年凭借单曲《Tik Tok》创出一片天地，并刷新了Hot 100单曲榜冠军的女歌手单曲下载次数记录。事业可谓风生水起。被誉为欧美新晋天后。2014年3月，她突然宣布，要把艺名Ke$ha中的美元符号“$”去掉，恢复自己的本名Kesha。 获奖记录 2010年 2010年欧洲MTV音乐大奖(EMA)获得最佳新人(Best New Act)和最佳Push歌手(Best Push Act) 2011年欧洲Billboard音乐奖获得最佳流行音乐专辑 、最佳女艺人、百大热门艺人、最佳流行歌手等六项大奖 2010年荣获白金奖,\usr\source\singerpic\30.jpg
31,Sub Urban,"Sub Urban又名Danny Maisonneuve，来自美国新泽西州，十九岁就开始写作和创作歌曲。他的嗓音充满犹豫且十分有辨识度，创作灵感来自K. Flay, EDEN, Aries, verzache, Cage The Elephant, NoMBe, Electric Mantis, AWAY, blackbear等艺术家。",\usr\source\singerpic\31.jpg
32,Lady Gaga,Lady Gaga，美国当红著名流行歌手，欧美乐坛最具影响力天后。曾受到David Bowie、Michael Jackson、Madonna以及皇后乐队在内艺人的影响，以至于在流行音乐中用华丽且特立独行的形象知名，并贯彻在自己的日常穿着与表演融入到音乐录像带中。2008年发布首张专辑《The Fame》后迅速掀起热潮，其中囊括了冠军单曲“Just Dance”与“Poker Face”。2009年的“Bad Romance”MV引起全球模仿潮。2010年被《时代》周刊评为百大最有影响力的文化人物之一。个人第三张专辑《Born This Way》问世五天在全球各大唱片市场销量排行榜夺得冠军，同年6月被《福布斯》杂志评为世界百位名人之首。至今Gaga专辑在全球销量已超过2000万张，单曲销量达到6400万张，其中部分单曲更是有史以来销量最高的，曾多次荣获各大音乐典礼大奖，全球各大音乐颁奖典礼几乎榜上有名。,\usr\source\singerpic\32.jpg
33,Eminem,埃米纳姆（Eminem），本名马歇尔・布鲁斯・马瑟斯三世（Marshall Bruce Mathers III），1972年10月17日出生于美国密苏里州圣约瑟夫，美国说唱男歌手、词曲作者、唱片制作人、演员。 1996年，埃米纳姆首次以个人身份推出专辑《Infinite》。1998年，受Dr.Dre赏识，与Aftermath娱乐签约。1999年，成立Shady唱片公司，并推出第二张录音室专辑《The Slim Shady LP》，该专辑获得了第42届格莱美奖最佳说唱专辑，专辑曲目《My Name Is》让他获得了最佳说唱歌手。2000年，发行第三张录音室专辑《The Marshall Mathers LP》，该专辑不仅收获了两项格莱美奖，其全球销量还突破了3200万张。2002年，第四张录音室专辑《The Eminem Show》正式发行，该专辑的全球销量超过了2700万张；同年，主演剧情电影《8英里》，其演唱的主题曲《Lose Yourself》获得了第75届奥斯卡金像奖最佳原创歌曲。2004年，发行第五张录音室专辑《Encore》。2005年，因药物问题而暂缓音乐事业。2009年，推出第六张录音室专辑《Relapse》而复出。2010年，发行第七张录音室专辑《Recovery》，专辑曲目《Not Afraid》《Love the Way You Lie》成为美国公告牌百强单曲榜的冠军单曲。2013年，第八张录音室专辑《The Marshall Mathers LP2》正式发行。2017年，发行第九张录音室专辑《Revival》。2018年，第十张录音室专辑《Kamikaze》正式发行。2020年，推出第十一张录音室专辑《Music to Be Murdered By》。2020年12月18日，推出第十一张录音室专辑《Music to Be Murdered By》的豪华版《Music to Be Murdered By - Side B》。,\usr\source\singerpic\33.jpg
34,Adele,阿黛尔・阿德金斯（Adele Adkins），1988年5月5日出生于英国伦敦托特纳姆，英国流行乐女歌手，词曲创作者。 2008年，发行个人首张音乐专辑《19》。2009年，获得第51届格莱美奖“最佳流行女歌手奖”和“最佳新人奖” 。2011年，发行音乐专辑《21》。2012年，获得第54届格莱美奖六项大奖。2013年，她演唱的《007：大破天幕杀机》电影主题曲《Skyfall》获得第70届美国电影电视金球奖”最佳电影原创歌曲奖“，以及第85届奥斯卡金像奖”最佳原创歌曲奖“。同年，获得大英帝国员佐勋章。2015年，发行音乐专辑《25》，该专辑上市首周销量达到338万张，成为尼尔森音乐（Nielsen Music）1991年至2015年期间“单周销量最高的专辑”。2017年，获得第59届格莱美奖五项大奖。同年，获得全英音乐奖“全球艺人大奖”。2020年10月，亮相美国节目《周六夜现场》。,\usr\source\singerpic\34.jpg
35,柳爽,国籍：中国 出生地：新疆 职业：音乐人 代表作：《莫妮卡》《夏日回音》《漠河舞厅》《高米店南》,\usr\source\singerpic\35.jpg
36,陈鸿宇,感性与理性时常交融，收敛与放纵并行发生，我是陈鸿宇，很高兴认识你。 -- 事务联络：c@zhongyueji.com,\usr\source\singerpic\36.jpg
37,陈粒,陈粒，又名粒粒，1990年7月26日出生于贵州省贵阳市，中国内地民谣女歌手、独立音乐人、唱作人，前空想家乐队主唱，毕业于上海对外经贸大学。2012年，其所在乐队“空想家乐队”获得“Zippo炙热摇滚大赛”上海赛区冠军。2014年，随空想家乐队推出乐队首张EP专辑《万象》；同年，其演唱的歌曲《奇妙能力歌》入围“第四届阿比鹿音乐奖”年度民谣单曲。2015年，推出首张个人音乐专辑《如也》；同年，推出个人民谣单曲《远辰》。2016年1月，获得“第五届阿比鹿音乐奖”最受欢迎音乐人（民谣）；同年3月8日，化身“粒粒”并推出首支单曲《幻期颐》；同年7月26日，推出第二张个人音乐专辑《小梦大半》。2017年，担任芒果TV选秀娱乐节目《快乐男声》的音乐召唤师；同年，推出第三张个人音乐专辑《在蓬莱 in Blue Note Beijing》。2018年，推出第4张个人音乐专辑《玩》。2019年，担任优酷视频原创音乐人竞技成长秀节目《这！就是原创》的导师；3月25日，获得第26届东方风云榜音乐盛典年度原创音乐人奖。7月26日，发行专辑《洄游》；11月9日，在成都开启首场《洄游》巡演。,\usr\source\singerpic\37.jpg
38,赵雷,民谣音乐人赵雷，中国内地新生代民谣歌手。1986年7月20日生于北京，高中时间接触音乐，开始学习吉他。年纪轻轻便踏遍祖国的大江南北，山河东西，足迹遍布陕甘、云藏，为自己的音乐之路，积累了大量时代底蕴与人文滋养。赵雷的音乐，虽然没有诗句般的柔情感动，但痞子气的调侃，单纯率直直达你的内心。词作、编曲朴实坦诚以描写生活中细微见长，每一首歌都像一部短剧，折射出他自己的生活、他眼中社会、甚至他心底的梦想，画面感极强。是最具传统北京胡同文化气质的新生代音乐人之一。,\usr\source\singerpic\38.jpg
39,银临,以音为帆，以歌为筏，以真作舵，以梦载风。 原创音乐人，2020年发布最新个人专辑《琉璃》，代表作《腐草为萤》《锦鲤抄》《牵丝戏》。,\usr\source\singerpic\39.jpg
40,小时姑娘,歌手，时不语工作室创始人。代表作：《爱殇》（电视剧《东宫》片头曲）、《爱晚亭边》（电视剧《蓬莱间》画中仙单元主题曲、《烟火人间》（影视剧《玉昭令》插曲）、《他》（电视剧《如果岁月可回头》插曲）、《我不知道的事》（电影《精灵闺蜜》片尾曲）、《等风与你》（电影《战玄武》主题曲）、流量单曲《望》、《去追一只鹿》、《天生无畏》。合作过的游戏IP：王者荣耀、剑网3、逆水寒等。参加B站首届跨年晚会【2019最后的夜】见・东方组曲演出，2020年参加第四届共青团中央网络青晚演出，2020年参加王者荣耀五周年庆典演出等。微博@小时姑娘呐,\usr\source\singerpic\40.jpg
41,泠鸢yousa,歌姬+填词者，见习画师+pv师 音乐主页：http://1462744.5sing.com/,\usr\source\singerpic\41.jpg
42,LiSA,LiSA（日语：リサ，1987年6月24日－）是日本女歌手，本名部里沙（おりべ りさ），岐阜县出身，血型为B型，曾为摇滚乐团“Love is Same All”的主唱，现所属唱片公司为日本索尼音乐娱乐旗下的SACRA MUSIC。 演唱歌曲也被用作许多知名TV动画的片头曲和片尾曲，如《刀剑神域》、《Fate/Zero》、《鬼灭之刃》系列、《Angel Beats》、《伪恋》、《魔法科高中的劣等生》、《穿透幻影的太阳》等。 2017年10月配信下载突破170万。被称为“摇滚精灵”、“幽浮社御用歌姬”、“摇滚女神”等。 座右铭：今日もいい日だっ。,\usr\source\singerpic\42.jpg
43,米津玄,米津玄师（Yonezu Kenshi），1991年3月10日出生于日本德岛县德岛市，身高188cm，O型血，日本男歌手、词曲作者、编曲人、插画家、摄影师、舞者，所属REISSUE RECORDS事务所。 2009年，米津玄师在VOCALOID上以“ハチ”的名义投稿、创作歌曲，2012年2月以本名“米津玄师”开始自作自唱歌曲。2013年5月发行首张单曲《Santa Maria》正式出道。2015年10月，发行第三张专辑《Bremen》，首次获得日本公信榜专辑冠军。2016年9月，发行双A面单曲《LOSER / NO.9》。2017年11月，发行第四张专辑《BOOTLEG》，获得日本公信榜专辑冠军，在第60届日本唱片大奖上获得最优秀专辑奖。2018年3月，发行单曲《Lemon》，配信销售超过300万，成为首位平成年代出生配信超过300万份的歌手。7月，米津玄师担任2020东京奥运会应援曲制作人。10月，发行双A面单曲《Flamingo/TEENAGE RIOT》，首次获得日本公信榜单曲冠军 。2019年12月，米津玄师创作的歌曲《红辣椒》，在第61届日本唱片大奖上获得唱片大奖。,\usr\source\singerpic\43.jpg
44,mizuki (瑞葵),瑞葵 mizuki，日本女性歌手。UNIDOTS乐队主唱（瑞葵（Vo）和コンノツグヒト（B）），以mizuki名义在SawanoHiroyuki[nZk]企划中客串歌手。,\usr\source\singerpic\44.jpg
45,中u美嘉,"中u 美嘉（なかしま みか、1983年2月19日 - ）,日本女歌手、女演员。也是继天后滨崎步后又一位新生代流行天后。中岛美嘉在2001年以主演日剧《新宿伤痕恋歌》及演唱单曲《STARS》同时出道。其美艳的外型及神秘感等个人风格，使中岛美嘉获得新时代完美歌姬、百变天后的美誉。2005年中岛美嘉主演电影《NANA》，成为该年日本国片年度票房冠军，更引起一股风潮。而随着电影在各国的发行，更让中岛的人气直线上升，声势遍及全亚洲。 中岛美嘉的歌曲以曲风多元著名，诸如摇滚、雷鬼、爵士等曲风，其中又以情歌最为著名；再加以她独特的唱腔及裸足演唱的习惯，在日本乐坛独树一格。",\usr\source\singerpic\45.jpg
46,薛之谦,薛之谦（Joker Xue），1983年7月17日出生于上海，中国内地流行乐男歌手、影视演员、音乐制作人，毕业于格里昂酒店管理学院。 2005年，因参加选秀节目《我型我秀》而正式出道。2006年，发行首张同名专辑《薛之谦》，随后凭借歌曲《认真的雪》获得广泛关注。2007年，凭借专辑《你过得好吗》获得MusicRadio中国TOP排行榜内地年度最受欢迎男歌手奖。2008年，发行专辑《深深爱过你》，同年在上海举行个人首场演唱会“谦年传说”。2013年，专辑《几个薛之谦》获得MusicRadio中国TOP排行榜内地推荐唱片。2014年，凭借专辑《意外》获得第21届东方风云榜颁奖最佳唱作人；同年他还获得音悦V榜年度盛典年度创作歌手奖。 2015年6月，薛之谦首度担当制作人并发行原创EP《绅士》；同年，他还主演都市励志剧《妈妈像花儿一样》。2016年，凭借EP《绅士》、《一半》获得第16届全球华语歌曲排行榜最受欢迎男歌手、五大最受欢迎男歌手奖、上海地区杰出歌手奖及最受欢迎创作歌手奖，而歌曲《初学者》则获得年度二十大金曲奖。2017年4月，开启“我好像在哪见过你”全国巡回演唱会；同年，薛之谦获得第7届全球流行音乐年度盛典年度最佳男歌手及MusicRadio榜中国TOP排行榜内地最佳男歌手。 2018年7月，薛之谦“摩天大楼”世界巡回演唱会于北京站启程，整个巡演横跨4大洲，8个国家，21个城市，累计上演场次23场。2020年12月31日，发行第11张个人专辑《天外来物》。,\usr\source\singerpic\46.jpg
47,姜云升,微博：三天门下-姜云升 皮卡乒皮卡乓皮卡乒皮卡乓皮卡乒丘丘丘丘丘丘皮卡兵 皮卡丘,\usr\source\singerpic\47.jpg
48,王以太,cdc成都集团 王以太 3ho,\usr\source\singerpic\48.jpg
49,Jony J,独立音乐人，说唱歌手，来自SHOOC.Studio,\usr\source\singerpic\49.jpg
50,艾热 AIR,歌手、音乐制作人，擅长说唱而不仅仅止于说唱的新生代唱作人。 代表作：〈乌云中〉、〈巨人〉、〈星球坠落〉。 成长、突破、蜕变，不愿被定义，不局限说唱，音乐从不设限。 业界评价：不可估量的艾热！他带来的是一种对HipHop的最全新的认知，是一种态度。不会步步紧逼的引人夺目，不张扬，不虚饰，不在狭小的生活圈里模仿。用最大的热情与爱意，心有所定，专注做事。,\usr\source\singerpic\50.jpg
51,某幻君,你好，你吃了吗。我是来自上海zoo的一名音乐爱好人，平常喜欢翻唱音乐，欢迎订阅！,\usr\source\singerpic\51.jpg
52,王瀚哲（中国BOY）,音乐爱好者!音乐爱好者!,\usr\source\singerpic\52.jpg
53,饭卡,来自广州，酒精过敏。,\usr\source\singerpic\53.jpg
54,裘德,出生于贵州，活跃于北京，新生代90后唱作歌手。 在对不同风格类型的音乐不断地探索中，裘德逐渐形成了自己极具音乐剧色彩的独特音乐创作风格。集演唱、作词、作曲、编曲、制作全能力于一身的裘德，是现今华语乐坛不可多得的新锐音乐人，兼具艺术形象气质和天才创作实力。 工作邮箱：qiudeteam@yeah.net,\usr\source\singerpic\54.jpg
55,Capper,"Capper，本名张砚拙（yanzhuo Zhang），2000年6月21日生于古都西安的职业说唱歌手、街头平面设计师。 Capper,whose real name is yanzhuo Zhang,was born on June 21,2000 in Xi'an,Shanxi Province,the first ancient capital of China,sa a professional rapper and street graphic designer in the '00's. 微博：@是啊Capper 网易云音乐：Capper ins：cappermadeinfuture 邮箱：cappermadeinfuture@gmail.com 工作邀约联系方式：186-2325-2124",\usr\source\singerpic\55.jpg
56,KEY.L刘聪,裤兜儿， 标准九零后， 身高180+， 体重80+， 血型A型，星座（我也不知道）,\usr\source\singerpic\56.jpg
57,GAI周延,GAI，3月22日生，重庆说唱歌手，《中国有嘻哈》选手，其匪帮说唱被评为是川渝方言说唱中最真实最有中国味道的。,\usr\source\singerpic\57.jpg
58,马思唯,"被纽约时报赞誉为“中国Hip-Hop界突破性明星说唱组合 - Higher Brothers” 的团队领袖，中国说唱代表人物之一 - 马思唯从21岁出道至今，已发布4张高水准个人Mixtape《P.E.I VOL.1》、《P.E.I VOL.2》、《P.E.I VOL.3》、《AFewGoodKids》，1张Higher Brothers Mixtape 《Higher Brothers》，2张团队正式专辑《Black Cab》、《Five Stars》，1张个人正式专辑《黑马王子》，并凭借“花花公子”，“Lover Boy 88”，“Made in China”, “WeChat” 等数首单曲屡次在全球范围掀起狂潮，全球试听超过2亿5千万次：从2017年与团队Higher Brothers发布首张正式专辑《Black Cab》开始，国内外巡演“座无虚席”；其中与KnowKnow合作的单曲“Lover Boy 88” 更是成为现象级夏日恋爱金曲；再到《Five Stars》专辑中与优秀Hip-hop音乐人们的合作包括Schoolboy Q，Denzel Curry，Soulja Boy，J.I.D等；2019年与Snoop Dogg合作发布单曲“Friends and Foes”，成为首个与欧美rapper共同为美剧打造主题曲的中国rapper；2020年发布大热专辑《黑马王子》，马思唯用一个又一个的作品向世人展示真正Made In China的顶级Hip-hop音乐，更是帮助Higher Brothers一举摘得网易云2018年度最佳说唱团体。2020年夏天首次以导师身份与黄子韬，Rich Brian, KnowKnow, 李宇春，MC Hotdog同台加入bilibili首档S+级综艺《说唱新世代》。并于2020年年末登上《时尚先生fine》杂志封面，作为封面人物之一出席时尚先生第17届MAHB年度盛典，荣获年度榜Young(音乐)奖项。 马思唯以音乐为马，和Higher Brothers作为中国说唱几乎唯一向西方乐坛输出的代表，走遍了全世界的各个角落。2021年带着第二张个人专辑《黑马》强势回归的马思唯，还将为我们带来哪些惊喜，让我们共同拭目以待。",\usr\source\singerpic\58.jpg
59,夏日入侵企画,来自北京的摇滚乐队 五讲四美三热爱 欢迎关注同名微博 @夏日入侵企画 所有活动请联系经纪人1991与她： yuedui1900@163.com,\usr\source\singerpic\59.jpg
60,告五人,告五人，2017 年 4 月正式成F，目前FT槟兄鞒兼木吉他手潘安、女主唱犬青及鼓手哲t。不O限曲L的音凤L格，展F告五人多元的音访嫦颍作品型涵wFolk Rock、Pop Rock、Indie Rock、Synth pop、Dance Pop、Ballad、Electro、New wave。主唱潘安、犬青男女p主唱交e渲染的迷人，ЫoK的感染力和烈的吸引力。,\usr\source\singerpic\60.jpg
61,万能青年旅店,来自石家庄的摇滚乐队，90年代组队，2002年定名。作品无明确风格界定，早年曾受90年代美国另类摇滚乐队感召，其后亦受到前卫摇滚与爵士乐等多种音乐影响。,\usr\source\singerpic\61.jpg
62,Beyond,Beyond，中国香港摇滚乐队，成立于1983年，由黄家驹、黄贯中、黄家强、叶世荣组成。 1983年参加“山叶吉他比赛”获得冠军并正式出道。1986年自资发行乐队首张专辑《再见理想》。1988年凭借粤语专辑《秘密警察》在香港乐坛获得关注；同年凭借歌曲《大地》获得十大劲歌金曲奖。1989年凭借歌曲《真的爱你》获得十大中文金曲奖、十大劲歌金曲奖。1990年凭借歌曲《光辉岁月》获得十大劲歌金曲奖。1991年主演电影《Beyond日记之莫欺少年穷》；同年9月在香港红|体育馆举办“Beyond Live 1991 生命接触演唱会”。1992年赴日本发展演艺事业。1993年凭借粤语专辑《乐与怒》中的歌曲《海阔天空》获得十大中文金曲奖；6月30日，黄家驹去世，乐队以三名成员的组成形式继续发展。 1994年发行专辑《二楼后座》。1995年至1999年发行的《Sound》《请将手放开》《不见不散》等五张专辑标志着乐队音乐风格的转变。1996年起连续四年获得叱咤乐坛流行榜叱咤乐坛组合金奖。1999年乐队宣布暂时解散。2002年获得第25届十大中文金曲金曲银禧荣誉大奖。2003年正式复出乐坛，并举办“Beyond超越Beyond”世界巡回演唱会。2004年凭借歌曲《长空》获得香港电影金像奖最佳原创电影歌曲奖。2005年举行“Beyond The Story Live 2005”世界巡回告别演唱会；同年乐队正式解散。2010年获得华语金曲奖“30年经典评选”的全部奖项 。 演艺事业外，Beyond热心公益慈善。1991年前往非洲探访第三世界的穷困人民，并成立第三世界基金。,\usr\source\singerpic\62.jpg
63,伍佰 & China Blue,China Blue是伍佰所在的乐队，成立于1992年，由伍佰（主唱兼吉他手）、朱剑辉（贝司手兼团长）、余大豪（键盘手）和Dino Zavolta（鼓手）和组成。伍佰的第一张专辑《爱上别人是快乐的事》发行时并没有使用伍佰&China Blue这个名称，直到第二张专辑《浪人情歌》，正式开始以伍佰&China Blue来作为整张专辑的作者。这个名称的使用表示了伍佰&China Blue无论从哪一方面来说都是一个不可分割的整体。,\usr\source\singerpic\63.jpg
64,Coldplay,酷玩乐队（Coldplay）是成立于1996年的英伦摇滚乐队，现任成员有主唱兼键盘手克里斯・马汀、贝斯手Guy Berryman、吉他手强尼・巴克蓝和鼓手威尔・查平。 2001年，乐队的首张录音室专辑《Parachutes》获得第21届全英音乐奖最佳英国专辑奖，次年又获得第44届格莱美奖最佳另类音乐专辑奖，为乐队在全球打开了知名度。2003年，乐队的第二张录音室专辑《A Rush of Blood to the Head》获得了第45届格莱美奖最佳另类音乐专辑奖。2005年，乐队发行的第三张录音室专辑《X&Y》在20个国家的音乐排行榜夺榜首位置，成为了当年全球销量最高的专辑。2009年，乐队第四张录音室专辑《Viva La Vida》获得了第51届格莱美奖最佳摇滚音乐专辑奖 。2011年，乐队发行的第五张录音室专辑《Mylo Xyloto》在34个国家的音乐排行榜登顶，也成为了当年英国销量最高的摇滚专辑 。2014年12月6日，乐队第六张录音室专辑《Ghost Stories》获得第57届格莱美最佳流行演唱专辑奖提名。2015年12月4日，乐队第七张录音室专辑《A Head Full Of Dreams》发行。2017年7月14日发行EP《Kaleidoscope》。2019年11月22日，正式发行第八张录音室专辑《Everyday Life》。2021年5月7日Coldplay发行回归新单《Higher Power》，新歌由热单制造机Max Martin担当制作，并且通过国际空间站进行了首播。,\usr\source\singerpic\64.jpg
65,Bruno Mars,彼得・基恩・埃尔南德斯（Peter Gene Hernandez，生于1985年10月8日），以其艺名布鲁诺・马尔斯（Bruno Mars）出名，是美国的创作型歌手、音乐制作人。成长于夏威夷火奴鲁鲁的音乐人世家中，马尔斯自幼就开始创作音乐。其童年时期在当地的多家音乐场所表演后，他立志以音乐为业，并在高中毕业后搬到洛杉矶。 在摩城唱片公司度过一段并不成功的职业生涯后，马尔斯在2009年同大西洋唱片签约。在为B.o.B的“Nothin' on you”以及崔维・麦考伊的“Billionaire”创作并献声后，他作为独唱艺人的才华得到重视。,\usr\source\singerpic\65.jpg
66,Dua Lipa,Dua Lipa，1995年8月22日出生于英国伦敦，阿尔巴尼亚裔英国歌手、词曲作者。2017年，Dua发布个人首张录音室专辑《Dua Lipa》。2019年，Dua拿下格莱美最佳新人奖级最佳舞曲奖。2020年，Dua出席格莱美颁奖典礼并作为上一届的最佳新人获奖者为Billie Eilish颁奖。同年3月，Dua发布第二张个人录音室专辑《Future Nostalgia》，原计划于4月发布，但因遭泄曲而提前发布，其打单曲《Don't Start Now》拿下公告牌每周单曲100强第2位，《Break My Heart》拿下第13位。2021年2月，Dua发布第二张个人录音室专辑的第二版本《Future Nostalgia（The Moonlight Edition）》，其最新主打曲《We're Good》拿下公告牌每周单曲100强第31位，同年5月，公告牌在临时改规则的情况下公布的数据中，Dua携手DaBaby混合的《Levitating》仅拿下第2位，失去冠军宝座，引起热议。2021年3月，Dua拿下格莱美最佳流行演唱专辑奖。2021年5月，Dua拿下全英音乐奖年度最佳英国专辑奖和最佳英国女艺人奖，成为该年度音乐奖的最大赢家！,\usr\source\singerpic\66.jpg
67,Lil Nas X,"利尔.纳斯 X ( Lil Nas X ),1999年4月9日出生于美国佐治亚州亚特兰大，美国说唱歌手。2018年,利尔.纳斯. X 在网上发布了个人首张混音带《 Nasarati 》，从而开始说唱生涯。2019年，其演唱的歌曲《Old Town Road》在美国公告牌百强单曲榜创下了连续17周的冠军纪录；同年，推出首张个人 EP 《7》。2020年01月， Lil Nas X &Billy Ray Cyrus 的作品 Old Town Road ( Official Movie )，获得第62届格莱美最佳音乐录影带。",\usr\source\singerpic\67.jpg
68,烟(许佳豪),华语男歌手、音乐人“烟”，原名许佳豪，代表作《想你这件事》《观众》等，独特的烟嗓声线获得了众多粉丝热爱。,\usr\source\singerpic\68.jpg
69,郁可唯,郁可唯，华语乐坛实力女歌手，先后发行《蓝短裤》《微加幸福》《失恋事小》《温水》《00:00》《路过人间》六张个人音乐专辑，受邀献唱《时间煮雨》《知否知否》等热门影视主题曲，被网友誉为“OST影视歌曲女王”。她中音醇厚高音清亮，用唯美歌声讲述动人故事，情感细腻直击人心，获封“情感歌后”“灵魂歌者”的美誉。2020年郁可唯参加热门综艺《乘风破浪的姐姐》，推出第七张个人专辑首支单曲《我行我素我爱你》。2021年2月5日郁可唯全新单曲《寻》正式发行。,\usr\source\singerpic\69.jpg
70,Avril Lavigne,艾薇儿・拉维尼（Avril Ramona Lavigne），1984年9月27日出生于加拿大安大略省贝尔维尔，拥有加拿大、法国双重国籍，加拿大女歌手、词曲作者、演员。 2002年，发行个人首张录音室专辑《Let Go》，从而正式出道。2003年，入围第45届格莱美奖最佳新人奖，并凭借歌曲《Sk8er Boi》以及《Complicated》分别入围最佳摇滚女歌手奖和最佳流行女歌手奖。2004年，凭借歌曲《I'm with You》和《Losing Grip》分别入围第46届格莱美奖的最佳流行女歌手奖以及最佳摇滚女歌手奖；同年，发行第二张个人录音室专辑《Under My Skin》。2007年，个人单曲《Girlfriend》在美国公告牌百强单曲榜夺冠；4月，发行第三张个人录音室专辑《The Best Damn Thing》；同年，获得MTV欧洲音乐奖最佳独唱歌手奖。2010年，献唱电影《爱丽丝梦游奇境》主题曲《Alice》。2011年，发行第四张个人录音室专辑《Goodbye Lullaby》。2013年，发行同名录音室专辑《艾薇儿・拉维尼》。2014年，因患莱姆病而渐渐淡出乐坛。2018年，发行个人单曲《Head Above Water》而正式回归。2019年，发行第六张个人录音室专辑《Head Above Water》。2021年11月11日发布个人第七张专辑首支单曲《Bite Me》。,\usr\source\singerpic\70.jpg
71,周深,周深，1992年9月29日出生，贵州贵阳人，浙江卫视《中国好声音》第三季学员，所属那英团队。 2014年，参加浙江卫视《中国好声音》第三季第二期，以一首齐豫的《欢颜》获得导师们的赞赏；9月1日在《中国好声音重返巅峰》节目，带着一首《美错》，赢得了陈晓东和王治平的充分的肯定；10月7日，参加《好声音总决赛》，凭借《贝加尔湖畔》获得“中国好声音”年度金曲。2015年春节大年初一北京卫视春晚献唱多语版《Let it go》支持北京申办冬奥会。2015年4月为电影《何以笙箫默》片头片尾配唱人声SOLO《You Are My Sunshine》。7月发行首张翻唱专辑《回味》并举办新专辑首唱会。8月发行个人全新单曲《玫瑰与小鹿》。,\usr\source\singerpic\71.jpg
72,易烊千玺,易烊千玺，2000年11月28日出生于湖南怀化，属龙，中国歌手。TFBOYS成员之一。2009年，千玺加入“飞炫少年”组合，于2011年退出。2013年8月6日，与王俊凯、王源以TFBOYS组合形式出道，陆续发行单曲《爱出发》、《Heart》、《梦想起航》、《魔法城堡》、《青春修炼手册》、《幸运符号》 、《快乐环岛》。,\usr\source\singerpic\72.jpg
73,老番茄,游戏区up主，微博@_老番茄_,\usr\source\singerpic\73.jpg
74,李荣浩,李荣浩（Ronghao Li），1985年7月11日出生于安徽省蚌埠市，中国内地流行乐男歌手、词曲创作人、音乐制作人、演员。 2010年，发行首张个人音乐EP《小黄》。2013年，发行个人首张音乐专辑《模特》，凭该专辑成为首位获得台湾金曲奖“最佳新人奖”的中国大陆歌手。2014年，发行个人同名音乐专辑《李荣浩》，凭该专辑获得中国TOP排行榜内地年度最佳男歌手奖。2016年，发行个人音乐专辑《有理想》，随后，举行的23场“有理想”世界巡演获得第21届华语榜中榜亚洲影响力最佳演唱会奖。2017年，发行个人音乐专辑《嗯》，凭该专辑获得第22届全球华语榜中榜亚洲影响力最佳男歌手奖；同年，他的个人巡演首次登陆香港红|体育馆和台北小巨蛋体育馆。2018年，发行个人音乐专辑《耳朵》，凭该专辑提名第30届台湾金曲奖最佳国语男歌手奖。2019年，担任浙江卫视歌唱选秀节目《中国好声音》的导师；同年，获得Mnet亚洲音乐大奖亚洲最佳艺人奖。2020年，发行音乐专辑《麻雀》。2021年，发行专辑《不遗憾》。,\usr\source\singerpic\74.jpg
75,余佳运,余佳运，天蝎座。独立音乐人，词曲唱作人，制作人。毕业于伯克利音乐学院。擅长流行R&B，Future R&B等风格。代表作，《我想》《和你》《再一起》。,\usr\source\singerpic\75.jpg
76,徐秉龙,徐秉龙，00后原创音乐人，词曲作者，南方生人。自弹自唱，自学写歌。15岁发表第一首原创作品，16岁为林宥嘉创作单曲《船》，17岁开启七城巡演。 2018年联袂制作人许环良发行个人首张EP《零零》； 2018年10月举办《来日可期》个人全国12场专场巡演； 2019年1月在北京参加网易云音乐原创盛典，获「年度最受欢迎男音乐人」奖；2019年3月在上海参加LPA颁奖盛典，获流行类最佳现场奖。同年受邀参加麦田、草莓等全国各大十几场音乐节。 微博@Barry徐秉龙 邮箱：barry2791@qq.com,\usr\source\singerpic\76.jpg
77,张杰,张杰，华语LIVE王。 出道16年来，发行了14张专辑，200多首高品质音乐作品，40多首OST金曲，拥有众多被广为传唱的歌曲。近年来，他创新运用MIX-POP曲风，开辟音乐发展新征程。 170多个音乐奖项，让他实现内地音乐奖项大满贯。2010年，获得韩国Mnet亚洲音乐盛典“亚洲之星”大奖；2014年，获得第42届全美音乐奖“年度国际艺人大奖”，成为内地首位获得该奖项的歌手。 至今为止，举办了 61场大型演唱会，巡演足迹踏过海内外30余座城市，累计130万人观看。2018、2019连续两年打破鸟巢单场演唱会票房纪录。,\usr\source\singerpic\77.jpg
78,颜人中,颜人中，1994年6月17日出生于台湾省，中国台湾创作型流行乐男歌手，毕业于中国文化大学（台湾）戏剧学系。 2019年2月，因翻唱《有可能的夜晚》、《女孩》、《孤单心事》等歌曲进入演艺圈；4月19日，推出个人首支单曲《晚安》；同年，发行个人首张EP《失眠症候群》。2020年6月，以唱作人的身份参与爱奇艺唱作人生态挑战节目《我是唱作人第二季》；7月6日，为电视剧《怪你过分美丽》演唱的主题曲《去爱你》正式上线。2021年1月30日，其参与录制的音乐励志节目《天赐的声音第二季》在浙江卫视播出；同年，获得硬地围炉夜・2019-2020网易云音乐原创盛典最具人气新人奖。 合作邮箱：yrzstudio@163.com,\usr\source\singerpic\78.jpg
79,陈立农,陈立农，2000年10月3日出生于台湾省高雄市，中国台湾流行乐男歌手、影视演员，男子演唱组合NINE PERCENT成员。 2018年，参加爱奇艺偶像男团竞演养成类真人秀节目《偶像练习生》，获得第2名，并加入男子演唱组合NINE PERCENT，从而正式出道；5月5日，随NINE PERCENT在上海举行“FAN MEETING TOUR-THX with LOVE”巡演首站；6月20日，为电影《解码游戏》演唱的同名主题曲《解码游戏》正式上线；9月，作为常驻嘉宾参加生活纪实观察类慢综艺《Hi室友》；10月3日，推出个人抒情单曲《我是你的》；11月，以常驻嘉宾身份参加实境经营真人秀节目《完美的餐厅》；11月20日，随NINE PERCENT推出组合首张音乐专辑《TO THE NINES》。 2019年1月1日，推出个人单曲《一半是我》；1月5日，为电视剧《幕后之王》演唱的片头曲《有梦可待》上线；其后，主演古装奇幻电影《赤狐书生》；8月29日，其主演的电影《赤狐书生》杀青曲《前程似锦》上线；10月，以“比心团”成员身份参加华语名曲竞演综艺《这样唱好美》；10月31日，推出个人单曲《专属合约》；11月19日，在北京举行“陈立农 X 环球音乐‘N.E.W.S’签约记者会”，正式成为环球音乐签约歌手。 2020年1月1日，加盟环球音乐后的首支音乐作品《幸福特写》正式上线；5月29日，发行首张个人专辑《格格不入》；10月03日，陈立农发布发行个人公益单曲《桃浦男孩》；11月20日，陈立农发布20岁摇滚纪念单曲《BEST造就王者》；12月01日，陈立农发布主演电影《赤狐书生》片尾曲《年少无邪》。 2021年1月20日，陈立农联合中国儿童少年基金会发布儿童安全教育工程公益主题曲《小小花朵》。,\usr\source\singerpic\79.jpg
80,河图,音乐人河图。。。。。。。。。。。。。。。。。。。。。。。。。。。。。。。。。。。。。。。。。。。。。。。。。。。。。。。。。。,\usr\source\singerpic\80.jpg
81,音阙诗听,微博：@音阙诗听 合作：hz@interestingcn.com 音阙诗听音乐社团，成立于2016年11月1日，由殇小谨与李俊羽发起组织，围绕中国特色音乐实验室，塑造全新的互联网音乐实验团体。,\usr\source\singerpic\81.jpg
82,Gary Lightbody,来自北爱尔兰的歌手，词曲作者，吉他手和多乐器演奏家，最着名的是另类摇滚乐队Snow Patrol的主唱兼节奏吉他手。,\usr\source\singerpic\82.jpg
83,许嵩,著名作词人、作曲人、唱片制作人、歌手。内地独立音乐之标杆人物，有音乐鬼才之称。2009年独立出版首张词曲全创作专辑《自定义》，2010年独立出版第二张词曲全创作专辑《寻雾启示》，两度掀起讨论热潮，一跃成为内地互联网讨论度最高的独立音乐人。2011年加盟海蝶音乐，推出第三张词曲全创作专辑《苏格拉没有底》，发行首月即在大陆地区摘下唱片销量榜冠军，轰动全国媒体，并拉开全国巡回签售及歌迷见面会。2012年7月发表第四张全创作专辑《梦游计》，秉承了一贯的创新理念，天马行空的创作题材令乐迷耳目一新，引起强烈反响，进一步奠定了其华语乐坛青年一代领军人物的地位。主要成就：音乐风云榜最受欢迎唱作新人，第9届亚太音乐榜最受欢迎唱作人，全球华语榜最受欢迎新人奖。,\usr\source\singerpic\83.jpg
84,王贰浪,做好自己该做的事，成为一个温柔的人。,\usr\source\singerpic\84.jpg
85,白举纲,白举纲，1993年11月2日出生于四川省绵阳市江油市。话筒手。,\usr\source\singerpic\85.jpg
86,X. ARI,"X. ARI is a queer Alt-Pop singer, writer, and mental health & LGBTQIA+ advocate from Toronto. Her life motto is all about turning “Pain Into Power” through art and self-care. Having comorbid mental health challenges is not her identity, but her superpower. X. ARI’s visceral lyrics transmit messages of hope as often as they ponder tragedy. Her sound comes to life in the middle. Her 5th EP “Anja”, dedicated to her first ever girlfriend, came out on July 23, 2022.",\usr\source\singerpic\86.jpg
87,HOYO-MiX,HOYO-MiX，国产游戏开发商miHoYo旗下纯原创音乐团队。,\usr\source\singerpic\87.jpg
88,三无MarBlue,知名唱见，哔哩哔哩UP主，独立音乐人，声线多变。,\usr\source\singerpic\88.jpg
89,祖娅纳惜,不要去别家ky，不刷，不比，乖。 B站丨网易云丨抖音丨微博丨统一ID：祖娅纳惜 其他平台均非本人投稿。 商务合作请联系QQ904114411 非商合作请联系QQ1049289309或微博私信,\usr\source\singerpic\89.jpg
90,KBShinya,视频网站知名UP主，网络歌手。,\usr\source\singerpic\90.jpg
91,奇然,奇然，中国古风歌手，国风音乐人，平行世界工作室室长。代表作《琵琶行》、《离骚》《燃犀照夜》、《雨过昔年》。毕业于上海戏剧学院，建立平行世界工作室，专注国风音乐创作十余年。17年创作“高考背书系列歌曲”：《琵琶行》、《离骚》等歌曲被数千家官方媒体、新闻报道，为年轻人了解古文和国风文化起到建设性作用。,\usr\source\singerpic\91.jpg
92,刘至佳,"刘至佳，一个酷爱碧昂斯的重庆女孩，她来自四川美术学院，年仅19岁，但台风却颇为成熟老练，颇有欧美大咖的风范。在第三季中国好声音舞台上，用爆发力强的清亮嗓音，赢得了三位导师的转身。以一段自己创作的RAP开场的她，虽然被汪峰老师点评“你的第一个音就不准”，却在歌曲后半段越唱越进入角色，把《Girl on Fire》这首高亢的歌曲诠释得完整而激昂，赢得了成为好声音学员的资格。 虽然那英老师没有转身，但她盛赞了刘志佳唱歌时的“傻大胆”风范：“其实音乐本身表达的时候就不应该有太多的顾忌，就是勇往直前地往前唱”。小哥齐秦则用专业的视角分析：“你的声音很有穿透力，我之所以前面没转，是因为我想听到最后，唱歌有一个步骤，就是前面后面兼顾，不能前面唱的很high,后面就唱不上去了，我后来发现你的穿透力越来越足，就转身了。“这番话，让学员刘至佳倍受鼓舞。",\usr\source\singerpic\92.jpg
93,$CC731,"Music Producer/DJ | Wechat:buybeats_731 | weibo:C0de731 | Credit:bbno$,李佳隆Jello Rio,C-Block等 |",\usr\source\singerpic\93.jpg
94,BTS (防弹少年团),BTS (防弹少年团)，是韩国BigHit Entertainment旗下2013年出道的男子演唱组合，由RM、Jin、SUGA、j-hope、Jimin、V、Jung Kook 7名成员组成。BTS (防弹少年团)的含意是"具有承受像子弹一样的时代偏见和压力的音乐团体"，2017年7月4日则加入了“不安于现状，朝着梦想不断成长的青春”的涵义，原先以“防弹少年团”为英文缩写的“BTS”（BangTan Sonyeon Dan），也增添了“Beyond The Scene”超越现状的意思。BTS (防弹少年团)的官方歌迷名称为“A.R.M.Y”（韩语：??），这个名称是在2013年7月9日通过官方网站首度亮相，来自于英文“Adorable Representative M.C for Youth”的缩写，意指“值得人们景仰的青年代表”，由成员们阅读约1000个粉丝意见后亲自选出，官方应援物为炸弹造型的手灯“A.R.M.Y BOMB”。2013年6月12日，发行出道专辑《2 COOL 4 SKOOL》；6月13日，以Mnet《M! Countdown》为出道舞台。,\usr\source\singerpic\94.jpg
95,林志炫,前优客李林成员，以流畅的真假音转换以及高亢、优美的歌声著称。至今已多次入围金曲奖，是著名的实力派歌手，96年其天籁美声受伦敦交响乐团之青睐，成为第一个与国际著名乐团合作的中国歌手；98年《蒙娜丽莎的眼泪》专辑赴美录音时，受到曾为席琳迪翁等国际天后制作专辑的金牌制作人东尼史密斯盛赞其为“任何语言领域最棒的歌手”。近几年，他对于自己的音乐提出了更高的要求，成为“One take”录制理念的倡导者，提倡用现场演唱的方式将歌曲一次诠释到位，直接录制成专辑，在科技变造时代难能可贵。曾有人把林志炫、齐豫、蔡琴并列为台湾最漂亮的三把嗓子，这实在得益于他独特的声线。,\usr\source\singerpic\95.jpg
96,陈辉,外文名：Freeking 国籍：中国 出生地：广东顺德 职业：作曲家、歌手、音乐制作人 代表作：《EveryDay每一天》、《羊角花又开》、《不再说永远》、《风月西关》 简介：陈辉权，中国音乐家协会会员、中国流行音乐学会理事、广东音乐家协会理事、广州市流行音乐协会副主席、广东省文化厅特聘作曲家、马来西亚城市大学人文艺术学院学术委员会会员；参与创作制作的唱片八十多张，连续12年获得广东音乐家协会颁发“年度优秀音乐家”奖，作品获奖无数，2016年获得华语金曲奖“年度最佳作曲人奖”。 一直活跃于华语流行音乐前沿阵地，为众多艺人及机构创作和制作音乐作品，集作曲、编曲、吉他演奏、演唱于一身，其音乐风格时尚多变、画面感强，追求民族与现代、传统与时尚的完美结合，以丰富创新的音乐语言、独立独行的音乐态度唱作不辍，并致力于岭南题材与风格的探索与实践，业界中享有“音乐大厨”美誉。,\usr\source\singerpic\96.jpg
97,MC Hotdog,MC HotDog没有阿姆白，也没有5角黑，但是他在华人饶舌萌芽时期，以领航者的角色带给大家太多的惊奇。MC HotDog的创作在网络上流传的程度，不亚于13号星期五病毒，如果统计有多少华人计算机里有MC HotDog的歌、换算成唱片销售数字的话，决不亚于王力宏+陶吉吉+周杰伦这三人的销售量。 MC HotDog的音乐标榜着「让人家听的懂的RAP」，因为一路走来他的歌词字字句句都是绝妙经典。以社会第三者的角度看待事物，是他的本领，也是使命，透过歌曲，替大家讲出不敢讲的话；透过歌曲，像槌子重重打到你的心坎。 从出道以来，MC HotDog踏遍台湾各校园、夜店，并历经与张震岳前往美国House of Blues的巡回演出，大量的舞台经验造就MC HotDog丰沛的音乐表演实力。2006年由张震岳操刀制作，热狗全创作专辑―挑战饶舌VS摇滚的新音乐作品《Wake up》，其丰富创作风格以黑马之姿勇夺第18届金曲奖最佳国语专辑奖，是MC HotDog正式踏上主流市场获得众人高度注目的重要里程碑。 2008年发行「差不多先生」专辑，同名歌曲「差不多先生」用更成熟的文字譬喻出自我内心的挣扎和更多的责任，并用更高超的饶舌技巧表达出对于社会的观察和自身生活的经验态度。同年开始和许多知名在线歌手合作歌曲，在音乐上也更有多面的尝试和突破。 2012年发行「贫民百万歌星」，贫民百万歌星是专辑破题之作。怎样才算富有？怎样才是穷？ 是街头的平民热狗，还是华丽舞台上的百万巨星？热狗承认自己有肤浅世俗的欲望，有时候会装阔，但内心还是很贫穷，跟每个人一样，要为柴米油盐酱醋茶这些事情担忧。藉由这首歌，热狗反映出这个时代的困境：大多数人看似富裕，却鲜少有人能过得起自己想象中的美好生活，对他来说，人宁可活得矛盾，也要坦然面对生活就是很复杂。 -,\usr\source\singerpic\97.jpg
98,Kirsty刘瑾睿,自幼学习钢琴和声乐，00后优质唱作人。17岁创作出《journey of the peace》，被知名歌手翻唱。18岁写出令人惊艳的“若把你比作歌，你便是那高山流水”。音乐对她而言只是生活的一种方式，只希望在有限的时间内做自己喜欢的事。,\usr\source\singerpic\98.jpg
99,赵方婧,赵方婧，英文名wimi，华中科技大学同济医学院学生。歌手，音乐创作人，音阙诗听主唱。,\usr\source\singerpic\99.jpg
100,郁一凡,嗨 这里是二凡 上海音乐学院 作词、作曲、编曲、唱 民谣、流行、R&B、电子、乡村 只要听到我的歌 能开心就好啦,\usr\source\singerpic\100.jpg
101,Jack Harlow,美国嘻哈说唱男歌手 Jack Harlow,\usr\source\singerpic\101.jpg
102,Anderson Paak,"Anderson . Paak 是来自加利福尼亚州奥克斯纳德的说唱歌手、歌曲作者、唱片制作人和多乐器演奏家。2012年他发行了首张混音带 OBE Vol .1shi，在2014发布 Venice 。2016年发表 Malibu ，它获得格莱美奖最佳 Urban 专辑提名，然后是2018年的 Oxnard 。2019年在第61格莱美颁奖典礼, Paak 凭借＂ Bubblin ”赢得了他的第一个格莱美奖一一最佳说唱表演。2020年,＂ Ventura ”获得了格莱美奖最佳R&B专辑,以及＂Come Home＂获得了最佳R&B表演奖。安德森也是 NxFuses 的一部分,与唱片制作人 Knxwledge 并驾齐驱。他还是乐队 The Free Nationals 的成员,他们演奏各种乐器,如电吉他、贝司、钢琴、键盘和鼓,安德森还担任伴唱。",\usr\source\singerpic\102.jpg
103,Silk Sonic,Bruno Mars联手Anderson .Paak组建新组合Silk Sonic,\usr\source\singerpic\103.jpg
