漠河舞厅,柳爽,https://music.163.com/#/song?id=1430319727,1430319727
理想三旬,陈鸿宇,https://music.163.com/#/song?id=31445772,31445772
走马,陈粒,https://music.163.com/#/song?id=30431367,30431367
盗将行,花粥,https://music.163.com/#/song?id=574566207,574566207
可能否,木小雅,https://music.163.com/#/song?id=569214126,569214126
七月上,Jam,https://music.163.com/#/song?id=31445554,31445554
斑马斑马,房东的猫,https://music.163.com/#/song?id=30814948,30814948
南下,徐海俏,https://music.163.com/#/song?id=414706021,414706021
归去来兮,花粥,https://music.163.com/#/song?id=1357999894,1357999894
成都,赵雷,https://music.163.com/#/song?id=436514312,436514312
