我的一个道姑朋友,双笙（陈元汐）,https://music.163.com/#/song?id=1367452194,1367452194
牵丝戏,银临,https://music.163.com/#/song?id=30352891,30352891
琵琶行,奇然,https://music.163.com/#/song?id=476513774,476513774
西江月·世事一场大梦,不才,https://music.163.com/#/song?id=1891454240,1891454240
人间惊鸿客,叶里,https://music.163.com/#/song?id=1475091192,1475091192
爱殇,小时姑娘,https://music.163.com/#/song?id=1332153723,1332153723
非花,锦零,https://music.163.com/#/song?id=1839485202,1839485202
拜无忧,萧忆情Alex,https://music.163.com/#/song?id=468007598,468007598
是风动,银临,https://music.163.com/#/song?id=504686859,504686859
大喜,泠鸢yousa,https://music.163.com/#/song?id=1824222230,1824222230
